2022-07-12 11:00:00+00:00,19625.041015625,19793.009765625,19616.3984375,19772.703125
2022-07-12 12:00:00+00:00,19770.232421875,19903.66796875,19770.232421875,19869.0390625
2022-07-12 13:00:00+00:00,19864.953125,19942.33984375,19852.97265625,19852.97265625
2022-07-12 14:00:00+00:00,19794.82421875,19899.388671875,19756.54296875,19899.388671875
2022-07-12 15:00:00+00:00,19900.9296875,19953.828125,19870.9453125,19871.458984375
2022-07-12 16:00:00+00:00,19876.32421875,19967.013671875,19876.32421875,19906.177734375
2022-07-12 17:00:00+00:00,19909.66796875,19909.66796875,19833.62109375,19883.89453125
2022-07-12 18:00:00+00:00,19879.15625,19879.15625,19734.150390625,19734.150390625
2022-07-12 19:00:00+00:00,19734.625,19734.625,19384.31640625,19456.8125
2022-07-12 20:00:00+00:00,19452.62109375,19516.828125,19422.927734375,19433.357421875
2022-07-12 21:00:00+00:00,19454.4140625,19500.28515625,19422.66796875,19422.66796875
2022-07-12 22:00:00+00:00,19368.939453125,19455.61328125,19362.796875,19376.8671875
2022-07-12 23:00:00+00:00,19385.517578125,19434.025390625,19316.208984375,19326.13671875
2022-07-13 00:00:00+00:00,19325.97265625,19418.43359375,19292.33203125,19418.43359375
2022-07-13 01:00:00+00:00,19418.5390625,19457.53515625,19412.56640625,19432.2421875
2022-07-13 02:00:00+00:00,19435.939453125,19514.521484375,19435.939453125,19514.521484375
2022-07-13 03:00:00+00:00,19512.513671875,19531.939453125,19472.97265625,19476.72265625
2022-07-13 04:00:00+00:00,19473.236328125,19512.70703125,19454.03515625,19483.041015625
2022-07-13 05:00:00+00:00,19478.251953125,19556.240234375,19455.033203125,19523.578125
2022-07-13 06:00:00+00:00,19524.775390625,19534.998046875,19482.80078125,19529.69140625
2022-07-13 07:00:00+00:00,19534.962890625,19725.216796875,19510.384765625,19704.1328125
2022-07-13 08:00:00+00:00,19706.5234375,19866.654296875,19683.791015625,19849.8046875
2022-07-13 09:00:00+00:00,19846.138671875,19873.330078125,19792.919921875,19793.900390625
2022-07-13 10:00:00+00:00,19795.919921875,19796.830078125,19722.60546875,19770.763671875
2022-07-13 11:00:00+00:00,19775.376953125,19832.318359375,19762.330078125,19821.853515625
2022-07-13 12:00:00+00:00,19832.41015625,19932.611328125,19093.572265625,19134.02734375
2022-07-13 13:00:00+00:00,19159.55078125,19285.46875,19029.39453125,19278.751953125
2022-07-13 14:00:00+00:00,19281.435546875,19600.1796875,19233.38671875,19590.09765625
2022-07-13 15:00:00+00:00,19585.0390625,19623.41015625,19420.46484375,19463.0703125
2022-07-13 16:00:00+00:00,19456.486328125,19582.97265625,19289.470703125,19582.97265625
2022-07-13 17:00:00+00:00,19599.974609375,19884.818359375,19599.974609375,19849.94921875
2022-07-13 18:00:00+00:00,19860.755859375,19860.755859375,19706.0234375,19807.251953125
2022-07-13 19:00:00+00:00,19823.560546875,19823.560546875,19661.580078125,19661.580078125
2022-07-13 20:00:00+00:00,19659.935546875,19693.677734375,19623.310546875,19659.623046875
2022-07-13 21:00:00+00:00,19660.61328125,19911.724609375,19657.947265625,19911.724609375
2022-07-13 22:00:00+00:00,19907.017578125,19954.353515625,19839.751953125,19845.537109375
2022-07-13 23:00:00+00:00,19844.3671875,20210.705078125,19844.3671875,20198.314453125
2022-07-14 00:00:00+00:00,20211.466796875,20306.697265625,20189.814453125,20301.798828125
2022-07-14 01:00:00+00:00,20298.54296875,20361.119140625,20242.912109375,20251.494140625
2022-07-14 02:00:00+00:00,20266.27734375,20276.21875,20203.337890625,20208.408203125
2022-07-14 03:00:00+00:00,20216.130859375,20332.38671875,20216.130859375,20220.8203125
2022-07-14 04:00:00+00:00,20221.865234375,20241.435546875,20093.84375,20093.84375
2022-07-14 05:00:00+00:00,20096.34765625,20187.29296875,20089.33984375,20098.62109375
2022-07-14 06:00:00+00:00,20102.681640625,20114.482421875,19964.87890625,20019.041015625
2022-07-14 07:00:00+00:00,20024.470703125,20028.728515625,19959.794921875,19984.2890625
2022-07-14 08:00:00+00:00,19980.97265625,20007.46875,19782.4375,19782.4375
2022-07-14 09:00:00+00:00,19781.646484375,19800.611328125,19729.9296875,19791.802734375
2022-07-14 10:00:00+00:00,19812.353515625,19827.07421875,19771.833984375,19781.37109375
2022-07-14 11:00:00+00:00,19791.109375,19801.0234375,19700.86328125,19753.83984375
2022-07-14 12:00:00+00:00,19756.1171875,19835.5703125,19728.505859375,19781.609375
2022-07-14 13:00:00+00:00,19787.380859375,19804.669921875,19689.2578125,19787.443359375
2022-07-14 14:00:00+00:00,19786.09375,19903.044921875,19708.669921875,19903.044921875
2022-07-14 15:00:00+00:00,19897.7578125,20375.361328125,19897.7578125,20360.259765625
2022-07-14 16:00:00+00:00,20360.990234375,20406.818359375,20209.75390625,20221.427734375
2022-07-14 17:00:00+00:00,20223.03515625,20665.775390625,20204.416015625,20665.775390625
2022-07-14 18:00:00+00:00,20684.97265625,20725.009765625,20645.189453125,20694.388671875
2022-07-14 19:00:00+00:00,20694.59765625,20789.89453125,20655.22265625,20669.671875
2022-07-14 20:00:00+00:00,20626.380859375,20640.40625,20549.330078125,20640.40625
2022-07-14 21:00:00+00:00,20648.76171875,20673.5078125,20482.513671875,20484.99609375
2022-07-14 22:00:00+00:00,20478.724609375,20535.435546875,20468.11328125,20507.578125
2022-07-14 23:00:00+00:00,20506.099609375,20581.869140625,20490.77734375,20568.53125
2022-07-15 00:00:00+00:00,20573.15625,20581.94140625,20430.9375,20432.291015625
2022-07-15 01:00:00+00:00,20416.6796875,20518.521484375,20397.47265625,20518.521484375
2022-07-15 02:00:00+00:00,20595.697265625,20760.357421875,20475.830078125,20475.830078125
2022-07-15 03:00:00+00:00,20483.984375,20577.51953125,20479.099609375,20577.51953125
2022-07-15 04:00:00+00:00,20590.365234375,20652.5078125,20518.1015625,20518.1015625
2022-07-15 05:00:00+00:00,20529.46875,20635.416015625,20529.46875,20630.91015625
2022-07-15 06:00:00+00:00,20644.2265625,20656.615234375,20598.88671875,20608.380859375
2022-07-15 07:00:00+00:00,20606.8671875,20829.48828125,20594.123046875,20797.8828125
2022-07-15 08:00:00+00:00,20810.751953125,20928.2734375,20753.986328125,20891.853515625
2022-07-15 09:00:00+00:00,20865.900390625,20978.85546875,20850.29296875,20903.15234375
2022-07-15 10:00:00+00:00,20902.037109375,20902.037109375,20812.603515625,20858.431640625
2022-07-15 11:00:00+00:00,20864.7578125,20901.830078125,20773.830078125,20773.830078125
2022-07-15 12:00:00+00:00,20764.337890625,20980.3828125,20764.337890625,20932.517578125
2022-07-15 13:00:00+00:00,20945.935546875,21020.51171875,20822.734375,20846.80859375
2022-07-15 14:00:00+00:00,20893.55859375,20960.2109375,20882.267578125,20897.138671875
2022-07-15 15:00:00+00:00,20897.701171875,20933.015625,20823.8515625,20823.8515625
2022-07-15 16:00:00+00:00,20803.1875,20803.1875,20688.40625,20727.931640625
2022-07-15 17:00:00+00:00,20739.181640625,20867.84375,20739.181640625,20803.18359375
2022-07-15 18:00:00+00:00,20790.244140625,21006.330078125,20787.591796875,20997.93359375
2022-07-15 19:00:00+00:00,20996.783203125,21114.349609375,20953.53515625,21114.349609375
2022-07-15 20:00:00+00:00,21123.90234375,21132.49609375,20928.576171875,20928.576171875
2022-07-15 21:00:00+00:00,20938.443359375,20981.90625,20886.013671875,20958.728515625
2022-07-15 22:00:00+00:00,20964.828125,20964.828125,20852.26953125,20892.623046875
2022-07-15 23:00:00+00:00,20892.76171875,20921.84765625,20790.63671875,20830.70703125
2022-07-16 00:00:00+00:00,20830.37890625,20848.84375,20703.6953125,20715.76171875
2022-07-16 01:00:00+00:00,20707.0,20740.201171875,20678.25390625,20700.83203125
2022-07-16 02:00:00+00:00,20716.287109375,20732.806640625,20647.693359375,20701.25390625
2022-07-16 03:00:00+00:00,20697.203125,20750.91796875,20697.203125,20746.01953125
2022-07-16 04:00:00+00:00,20741.1015625,20745.201171875,20693.591796875,20745.201171875
2022-07-16 05:00:00+00:00,20746.078125,20746.078125,20663.677734375,20666.44140625
2022-07-16 06:00:00+00:00,20619.421875,20619.421875,20520.796875,20542.029296875
2022-07-16 07:00:00+00:00,20543.2734375,20597.353515625,20526.845703125,20545.552734375
2022-07-16 08:00:00+00:00,20549.1953125,20639.244140625,20549.1953125,20598.158203125
2022-07-16 09:00:00+00:00,20599.548828125,20622.80078125,20584.30859375,20617.56640625
2022-07-16 10:00:00+00:00,20610.880859375,20658.12109375,20606.3125,20622.689453125
2022-07-16 11:00:00+00:00,20623.36328125,20660.419921875,20620.59375,20636.802734375
2022-07-16 12:00:00+00:00,20625.046875,20709.345703125,20606.267578125,20709.345703125
2022-07-16 13:00:00+00:00,20707.26953125,20802.3203125,20695.25390625,20773.3984375
2022-07-16 14:00:00+00:00,20821.125,20831.603515625,20761.78515625,20812.767578125
2022-07-16 15:00:00+00:00,20810.255859375,20923.935546875,20810.255859375,20921.962890625
2022-07-16 16:00:00+00:00,20932.748046875,21401.13671875,20931.443359375,21401.13671875
2022-07-16 17:00:00+00:00,21401.310546875,21514.404296875,21305.50390625,21305.50390625
2022-07-16 18:00:00+00:00,21264.119140625,21328.630859375,21224.38671875,21256.39453125
2022-07-16 19:00:00+00:00,21265.552734375,21347.1171875,21186.013671875,21186.013671875
2022-07-16 20:00:00+00:00,21189.599609375,21206.974609375,20963.65625,21153.7734375
2022-07-16 21:00:00+00:00,21157.158203125,21277.955078125,21123.712890625,21207.40625
2022-07-16 22:00:00+00:00,21205.306640625,21260.265625,21168.763671875,21260.265625
2022-07-16 23:00:00+00:00,21265.841796875,21273.46484375,21184.09765625,21194.49609375
2022-07-17 00:00:00+00:00,21202.05859375,21306.458984375,21200.5390625,21283.345703125
2022-07-17 01:00:00+00:00,21270.154296875,21302.68359375,21126.689453125,21139.52734375
2022-07-17 02:00:00+00:00,21148.50390625,21209.193359375,21137.55859375,21170.64453125
2022-07-17 03:00:00+00:00,21168.798828125,21397.189453125,21167.08203125,21326.41796875
2022-07-17 04:00:00+00:00,21322.64453125,21411.79296875,21261.751953125,21261.751953125
2022-07-17 05:00:00+00:00,21260.681640625,21357.095703125,21260.681640625,21344.451171875
2022-07-17 06:00:00+00:00,21343.44921875,21543.552734375,21343.44921875,21543.552734375
2022-07-17 07:00:00+00:00,21548.978515625,21600.640625,21489.533203125,21491.92578125
2022-07-17 08:00:00+00:00,21471.63671875,21472.9375,21390.1953125,21417.546875
2022-07-17 09:00:00+00:00,21430.654296875,21506.087890625,21317.8203125,21348.658203125
2022-07-17 10:00:00+00:00,21357.7890625,21363.46875,21253.880859375,21345.4296875
2022-07-17 11:00:00+00:00,21368.091796875,21408.783203125,21318.44921875,21368.076171875
2022-07-17 12:00:00+00:00,21423.005859375,21459.1640625,21367.689453125,21367.689453125
2022-07-17 13:00:00+00:00,21375.634765625,21375.634765625,21169.96875,21190.3671875
2022-07-17 14:00:00+00:00,21175.125,21239.87109375,21151.068359375,21239.87109375
2022-07-17 15:00:00+00:00,21223.689453125,21247.533203125,21160.212890625,21160.638671875
2022-07-17 16:00:00+00:00,21170.455078125,21192.27734375,21067.091796875,21146.46875
2022-07-17 17:00:00+00:00,21146.06640625,21312.18359375,21057.505859375,21057.505859375
2022-07-17 18:00:00+00:00,21003.041015625,21043.615234375,20929.6875,20982.08203125
2022-07-17 19:00:00+00:00,20984.150390625,21062.0,20966.18359375,21046.578125
2022-07-17 20:00:00+00:00,21036.546875,21036.546875,20936.552734375,20955.158203125
2022-07-17 21:00:00+00:00,20944.947265625,21035.2109375,20929.25390625,21005.216796875
2022-07-17 22:00:00+00:00,21014.55859375,21041.00390625,20968.12890625,20996.919921875
2022-07-17 23:00:00+00:00,20998.966796875,20998.966796875,20788.42578125,20788.42578125
2022-07-18 00:00:00+00:00,20796.23828125,20897.701171875,20796.23828125,20819.87890625
2022-07-18 01:00:00+00:00,20820.755859375,20972.0,20820.755859375,20972.0
2022-07-18 02:00:00+00:00,20971.796875,21297.21875,20969.765625,21297.21875
2022-07-18 03:00:00+00:00,21311.029296875,21328.630859375,21213.888671875,21274.400390625
2022-07-18 04:00:00+00:00,21278.57421875,21285.88671875,21190.080078125,21269.126953125
2022-07-18 05:00:00+00:00,21265.626953125,21788.603515625,21265.626953125,21788.603515625
2022-07-18 06:00:00+00:00,21817.498046875,22242.900390625,21774.755859375,22234.75
2022-07-18 07:00:00+00:00,22218.357421875,22307.0234375,22165.962890625,22275.421875
2022-07-18 08:00:00+00:00,22249.5703125,22420.892578125,22207.19921875,22246.111328125
2022-07-18 09:00:00+00:00,22253.193359375,22349.69140625,22235.275390625,22248.828125
2022-07-18 10:00:00+00:00,22238.1875,22302.13671875,22167.025390625,22194.13671875
2022-07-18 11:00:00+00:00,22193.544921875,22257.560546875,22038.865234375,22123.3671875
2022-07-18 12:00:00+00:00,22121.943359375,22169.873046875,21924.0859375,22169.873046875
2022-07-18 13:00:00+00:00,22190.875,22255.078125,22145.005859375,22171.181640625
2022-07-18 14:00:00+00:00,22150.375,22181.10546875,22021.1171875,22181.10546875
2022-07-18 15:00:00+00:00,22182.1875,22533.728515625,22182.1875,22533.728515625
2022-07-18 16:00:00+00:00,22583.642578125,22633.033203125,22181.951171875,22181.951171875
2022-07-18 17:00:00+00:00,22190.712890625,22199.732421875,21927.115234375,21927.115234375
2022-07-18 18:00:00+00:00,21901.412109375,21977.212890625,21873.857421875,21873.857421875
2022-07-18 19:00:00+00:00,21861.36328125,21861.36328125,21517.177734375,21585.73046875
2022-07-18 20:00:00+00:00,21603.361328125,21669.576171875,21533.8828125,21542.22265625
2022-07-18 21:00:00+00:00,21517.400390625,21719.64453125,21487.54296875,21670.810546875
2022-07-18 22:00:00+00:00,21672.458984375,21811.8125,21598.12109375,21803.314453125
2022-07-18 23:00:00+00:00,21793.06640625,22441.337890625,21793.06640625,22441.337890625
2022-07-19 00:00:00+00:00,22467.849609375,22795.044921875,22276.408203125,22399.79296875
2022-07-19 01:00:00+00:00,22374.568359375,22374.568359375,22105.845703125,22132.490234375
2022-07-19 02:00:00+00:00,22081.009765625,22122.841796875,21995.099609375,22071.775390625
2022-07-19 03:00:00+00:00,22077.599609375,22227.400390625,21902.47265625,21922.28125
2022-07-19 04:00:00+00:00,21907.7109375,21917.181640625,21774.748046875,21917.181640625
2022-07-19 05:00:00+00:00,21908.310546875,22070.650390625,21848.61328125,22058.48046875
2022-07-19 06:00:00+00:00,22025.16015625,22083.6796875,21683.40625,21723.6328125
2022-07-19 07:00:00+00:00,21750.5703125,21843.185546875,21729.576171875,21747.451171875
2022-07-19 08:00:00+00:00,21765.119140625,21890.591796875,21762.861328125,21890.591796875
2022-07-19 09:00:00+00:00,21900.9140625,21925.849609375,21843.7578125,21913.0625
2022-07-19 10:00:00+00:00,21903.373046875,22059.841796875,21858.38671875,22005.734375
2022-07-19 11:00:00+00:00,22006.56640625,22185.140625,21992.158203125,22035.509765625
2022-07-19 12:00:00+00:00,22003.4140625,22169.236328125,22003.4140625,22169.236328125
2022-07-19 13:00:00+00:00,22170.34375,22342.009765625,22113.208984375,22207.279296875
2022-07-19 14:00:00+00:00,22277.923828125,22483.51953125,22155.916015625,22483.51953125
2022-07-19 15:00:00+00:00,22514.1328125,23034.279296875,22514.1328125,23034.279296875
2022-07-19 16:00:00+00:00,23095.61328125,23355.712890625,23026.337890625,23248.248046875
2022-07-19 17:00:00+00:00,23246.439453125,23411.291015625,23113.458984375,23411.291015625
2022-07-19 18:00:00+00:00,23436.8671875,23441.494140625,23308.302734375,23415.455078125
2022-07-19 19:00:00+00:00,23411.212890625,23588.6875,23396.81640625,23396.81640625
2022-07-19 20:00:00+00:00,23410.412109375,23410.412109375,23216.45703125,23265.068359375
2022-07-19 21:00:00+00:00,23278.814453125,23666.0625,23273.21484375,23666.0625
2022-07-19 22:00:00+00:00,23649.73828125,23649.73828125,23399.056640625,23478.123046875
2022-07-19 23:00:00+00:00,23482.25390625,23574.07421875,23276.603515625,23394.873046875
2022-07-20 00:00:00+00:00,23394.8046875,23402.453125,23046.2421875,23046.2421875
2022-07-20 01:00:00+00:00,23034.58203125,23296.55859375,23009.94921875,23279.818359375
2022-07-20 02:00:00+00:00,23261.404296875,23450.185546875,23232.490234375,23420.416015625
2022-07-20 03:00:00+00:00,23403.046875,23470.921875,23313.08203125,23422.888671875
2022-07-20 04:00:00+00:00,23429.66015625,23475.33984375,23330.16796875,23393.052734375
2022-07-20 05:00:00+00:00,23389.220703125,23500.46875,23343.599609375,23500.46875
2022-07-20 06:00:00+00:00,23499.119140625,23751.556640625,23499.119140625,23751.556640625
2022-07-20 07:00:00+00:00,23757.271484375,23757.271484375,23508.9609375,23508.9609375
2022-07-20 08:00:00+00:00,23422.484375,23493.00390625,23373.849609375,23373.849609375
2022-07-20 09:00:00+00:00,23368.43359375,23555.23046875,23351.5859375,23535.822265625
2022-07-20 10:00:00+00:00,23537.029296875,23783.564453125,23522.228515625,23668.404296875
2022-07-20 11:00:00+00:00,23692.724609375,23739.7265625,23621.892578125,23724.666015625
2022-07-20 12:00:00+00:00,23717.13671875,23810.46484375,23645.71484375,23795.794921875
2022-07-20 13:00:00+00:00,23800.802734375,23963.138671875,23800.802734375,23850.3359375
2022-07-20 14:00:00+00:00,23808.65234375,24109.748046875,23749.716796875,24109.748046875
2022-07-20 15:00:00+00:00,24149.236328125,24195.3359375,24073.8671875,24169.68359375
2022-07-20 16:00:00+00:00,24168.431640625,24174.84765625,23648.314453125,23735.78515625
2022-07-20 17:00:00+00:00,23715.646484375,23725.107421875,23514.857421875,23569.439453125
2022-07-20 18:00:00+00:00,23561.6875,23817.142578125,23558.54296875,23739.37109375
2022-07-20 19:00:00+00:00,23756.005859375,23884.61328125,23631.248046875,23661.390625
2022-07-20 20:00:00+00:00,23655.654296875,23715.248046875,23060.68359375,23295.88671875
2022-07-20 21:00:00+00:00,23292.115234375,23716.50390625,23280.033203125,23645.626953125
2022-07-20 22:00:00+00:00,23631.037109375,23631.037109375,23346.19140625,23350.0234375
2022-07-20 23:00:00+00:00,23348.05859375,23369.353515625,23184.080078125,23227.80078125
2022-07-21 00:00:00+00:00,23233.201171875,23368.830078125,23166.611328125,23250.65234375
2022-07-21 01:00:00+00:00,23251.673828125,23388.322265625,23200.53515625,23206.65625
2022-07-21 02:00:00+00:00,23219.755859375,23308.791015625,22795.5234375,22795.5234375
2022-07-21 03:00:00+00:00,22770.48828125,22844.291015625,22730.57421875,22792.49609375
2022-07-21 04:00:00+00:00,22807.23046875,22911.55859375,22719.375,22911.55859375
2022-07-21 05:00:00+00:00,22889.125,22951.974609375,22864.029296875,22917.037109375
2022-07-21 06:00:00+00:00,22923.21875,22951.541015625,22806.892578125,22819.404296875
2022-07-21 07:00:00+00:00,22807.03515625,23039.171875,22807.03515625,22972.365234375
2022-07-21 08:00:00+00:00,22963.7890625,22963.7890625,22856.888671875,22886.873046875
2022-07-21 09:00:00+00:00,22895.056640625,22989.884765625,22895.056640625,22985.75
2022-07-21 10:00:00+00:00,22994.9453125,23038.5390625,22918.451171875,22918.451171875
2022-07-21 11:00:00+00:00,22905.005859375,22905.005859375,22614.486328125,22645.033203125
2022-07-21 12:00:00+00:00,22641.994140625,22822.470703125,22622.724609375,22756.90234375
2022-07-21 13:00:00+00:00,22767.546875,22788.4453125,22650.13671875,22717.869140625
2022-07-21 14:00:00+00:00,22718.578125,22720.720703125,22431.1484375,22551.01171875
2022-07-21 15:00:00+00:00,22555.283203125,22653.62890625,22555.283203125,22653.62890625
2022-07-21 16:00:00+00:00,22652.4765625,23070.158203125,22652.4765625,23048.15234375
2022-07-21 17:00:00+00:00,23050.8671875,23123.529296875,22844.70703125,22858.83203125
2022-07-21 18:00:00+00:00,22863.615234375,22950.361328125,22861.1796875,22920.658203125
2022-07-21 19:00:00+00:00,22926.474609375,23151.177734375,22926.474609375,23151.177734375
2022-07-21 20:00:00+00:00,23168.59765625,23238.921875,23116.751953125,23143.474609375
2022-07-21 21:00:00+00:00,23148.13671875,23208.1640625,23101.5,23208.1640625
2022-07-21 22:00:00+00:00,23203.65234375,23203.65234375,23002.2265625,23012.783203125
2022-07-21 23:00:00+00:00,23021.228515625,23183.171875,23021.228515625,23168.73828125
2022-07-22 00:00:00+00:00,23163.751953125,23309.958984375,23109.7890625,23273.681640625
2022-07-22 01:00:00+00:00,23269.953125,23272.103515625,23118.0390625,23119.802734375
2022-07-22 02:00:00+00:00,23122.208984375,23128.755859375,23042.0859375,23046.482421875
2022-07-22 03:00:00+00:00,23039.17578125,23046.771484375,22942.291015625,22956.55859375
2022-07-22 04:00:00+00:00,22948.4765625,22964.251953125,22874.998046875,22949.712890625
2022-07-22 05:00:00+00:00,22955.541015625,23115.666015625,22939.341796875,23111.875
2022-07-22 06:00:00+00:00,23128.822265625,23190.23046875,23114.287109375,23157.4296875
2022-07-22 07:00:00+00:00,23165.662109375,23274.66015625,23079.9921875,23137.966796875
2022-07-22 08:00:00+00:00,23124.970703125,23253.666015625,23112.677734375,23208.556640625
2022-07-22 09:00:00+00:00,23243.1640625,23474.921875,23243.1640625,23449.69921875
2022-07-22 10:00:00+00:00,23449.904296875,23536.8984375,23447.494140625,23483.76953125
2022-07-22 11:00:00+00:00,23449.970703125,23578.33203125,23438.9140625,23578.33203125
2022-07-22 12:00:00+00:00,23589.234375,23666.90625,23585.462890625,23590.1640625
2022-07-22 13:00:00+00:00,23597.099609375,23671.52734375,23483.603515625,23505.109375
2022-07-22 14:00:00+00:00,23486.923828125,23622.126953125,23385.111328125,23614.98046875
2022-07-22 15:00:00+00:00,23625.568359375,23633.623046875,23270.291015625,23295.873046875
2022-07-22 16:00:00+00:00,23295.12109375,23304.50390625,23124.6484375,23158.5546875
2022-07-22 17:00:00+00:00,23156.91015625,23181.052734375,22958.783203125,23018.359375
2022-07-22 18:00:00+00:00,23017.201171875,23046.794921875,22971.5390625,23043.943359375
2022-07-22 19:00:00+00:00,23040.818359375,23110.7421875,22674.126953125,22674.126953125
2022-07-22 20:00:00+00:00,22657.59765625,22723.533203125,22603.857421875,22608.1484375
2022-07-22 21:00:00+00:00,22625.80859375,22761.1640625,22625.80859375,22761.1640625
2022-07-22 22:00:00+00:00,22752.376953125,22763.751953125,22691.65625,22734.99609375
2022-07-22 23:00:00+00:00,22735.29296875,22753.181640625,22695.7734375,22721.853515625
2022-07-23 00:00:00+00:00,22701.09765625,22784.15625,22633.107421875,22767.291015625
2022-07-23 01:00:00+00:00,22769.4453125,22835.9296875,22769.4453125,22791.455078125
2022-07-23 02:00:00+00:00,22789.802734375,22885.26171875,22789.802734375,22842.140625
2022-07-23 03:00:00+00:00,22840.515625,22887.35546875,22830.69140625,22853.6640625
2022-07-23 04:00:00+00:00,22833.572265625,22962.953125,22770.201171875,22960.486328125
2022-07-23 05:00:00+00:00,22920.12109375,22975.037109375,22885.783203125,22904.744140625
2022-07-23 06:00:00+00:00,22903.8828125,22917.169921875,22856.494140625,22863.046875
2022-07-23 07:00:00+00:00,22863.16796875,22863.708984375,22748.55859375,22767.6953125
2022-07-23 08:00:00+00:00,22775.142578125,22866.634765625,22708.83203125,22708.83203125
2022-07-23 09:00:00+00:00,22662.5234375,22695.572265625,22615.56640625,22687.71875
2022-07-23 10:00:00+00:00,22684.904296875,22706.169921875,22504.693359375,22528.541015625
2022-07-23 11:00:00+00:00,22535.732421875,22535.732421875,22290.984375,22292.095703125
2022-07-23 12:00:00+00:00,22289.970703125,22333.48828125,22201.4453125,22314.6640625
2022-07-23 13:00:00+00:00,22311.482421875,22381.123046875,22309.10546875,22370.654296875
2022-07-23 14:00:00+00:00,22366.4140625,22366.4140625,22155.896484375,22155.896484375
2022-07-23 15:00:00+00:00,22164.82421875,22289.7578125,22164.82421875,22194.62890625
2022-07-23 16:00:00+00:00,22215.970703125,22279.763671875,22213.009765625,22230.810546875
2022-07-23 17:00:00+00:00,22222.904296875,22222.904296875,22045.236328125,22045.236328125
2022-07-23 18:00:00+00:00,22040.552734375,22215.134765625,22002.91015625,22131.1640625
2022-07-23 19:00:00+00:00,22113.931640625,22294.740234375,22090.197265625,22293.361328125
2022-07-23 20:00:00+00:00,22288.50390625,22334.15234375,22278.505859375,22334.15234375
2022-07-23 21:00:00+00:00,22327.953125,22336.369140625,22250.84765625,22250.84765625
2022-07-23 22:00:00+00:00,22250.076171875,22490.044921875,22250.076171875,22483.580078125
2022-07-23 23:00:00+00:00,22482.609375,22526.931640625,22471.15625,22476.830078125
2022-07-24 00:00:00+00:00,22465.06640625,22620.44140625,22465.06640625,22557.4765625
2022-07-24 01:00:00+00:00,22555.6640625,22571.234375,22427.822265625,22429.75390625
2022-07-24 02:00:00+00:00,22433.943359375,22448.2578125,22386.544921875,22426.74609375
2022-07-24 03:00:00+00:00,22430.494140625,22461.255859375,22331.41015625,22335.453125
2022-07-24 04:00:00+00:00,22336.53125,22398.06640625,22306.83984375,22381.572265625
2022-07-24 05:00:00+00:00,22387.142578125,22740.587890625,22387.142578125,22730.59765625
2022-07-24 06:00:00+00:00,22738.025390625,22741.142578125,22650.197265625,22650.197265625
2022-07-24 07:00:00+00:00,22654.998046875,22783.30859375,22654.998046875,22712.197265625
2022-07-24 08:00:00+00:00,22708.064453125,22708.064453125,22603.009765625,22653.7265625
2022-07-24 09:00:00+00:00,22659.1484375,22727.615234375,22648.48046875,22648.48046875
2022-07-24 10:00:00+00:00,22633.89453125,22661.443359375,22518.75,22537.408203125
2022-07-24 11:00:00+00:00,22539.220703125,22771.81640625,22532.87109375,22691.658203125
2022-07-24 12:00:00+00:00,22674.421875,22743.81640625,22546.677734375,22546.677734375
2022-07-24 13:00:00+00:00,22534.681640625,22565.990234375,22507.83984375,22565.21484375
2022-07-24 14:00:00+00:00,22570.978515625,22765.111328125,22567.1171875,22765.111328125
2022-07-24 15:00:00+00:00,22764.41015625,22843.71484375,22757.275390625,22836.30078125
2022-07-24 16:00:00+00:00,22846.953125,22849.6015625,22671.146484375,22720.33984375
2022-07-24 17:00:00+00:00,22717.150390625,22826.712890625,22717.150390625,22770.861328125
2022-07-24 18:00:00+00:00,22773.908203125,22778.154296875,22707.22265625,22717.060546875
2022-07-24 19:00:00+00:00,22718.94140625,22784.814453125,22712.513671875,22731.171875
2022-07-24 20:00:00+00:00,22728.0625,22782.390625,22699.607421875,22760.265625
2022-07-24 21:00:00+00:00,22755.197265625,22808.873046875,22717.693359375,22796.0546875
2022-07-24 22:00:00+00:00,22809.01953125,22972.927734375,22682.84375,22682.84375
2022-07-24 23:00:00+00:00,22692.455078125,22737.59765625,22615.67578125,22622.2109375
2022-07-25 00:00:00+00:00,22603.40234375,22648.5859375,22314.94140625,22314.94140625
2022-07-25 01:00:00+00:00,22322.25,22323.884765625,22177.326171875,22213.361328125
2022-07-25 02:00:00+00:00,22212.1953125,22212.1953125,21963.15234375,21979.84765625
2022-07-25 03:00:00+00:00,21980.005859375,21980.005859375,21841.4609375,21851.138671875
2022-07-25 04:00:00+00:00,21858.076171875,21890.048828125,21804.349609375,21890.048828125
2022-07-25 05:00:00+00:00,21896.634765625,21931.603515625,21846.953125,21921.876953125
2022-07-25 06:00:00+00:00,21934.111328125,21941.201171875,21861.064453125,21881.3046875
2022-07-25 07:00:00+00:00,21892.53125,21972.5546875,21892.53125,21969.24609375
2022-07-25 08:00:00+00:00,21968.33203125,22070.822265625,21897.611328125,22055.537109375
2022-07-25 09:00:00+00:00,22052.01171875,22085.384765625,22013.42578125,22016.939453125
2022-07-25 10:00:00+00:00,22018.0078125,22067.23828125,21990.66015625,22064.728515625
2022-07-25 11:00:00+00:00,22061.599609375,22083.49609375,21985.791015625,21989.611328125
2022-07-25 12:00:00+00:00,21967.77734375,21967.77734375,21890.23828125,21963.80859375
2022-07-25 13:00:00+00:00,21967.77734375,21981.09765625,21851.376953125,21933.17578125
2022-07-25 14:00:00+00:00,21917.224609375,21918.57421875,21777.767578125,21879.33203125
2022-07-25 15:00:00+00:00,21882.62890625,21902.17578125,21795.30859375,21901.103515625
2022-07-25 16:00:00+00:00,21898.7890625,21964.830078125,21870.6484375,21951.751953125
2022-07-25 17:00:00+00:00,21955.98046875,21984.587890625,21871.302734375,21882.134765625
2022-07-25 18:00:00+00:00,21877.181640625,21917.06640625,21847.1875,21864.494140625
2022-07-25 19:00:00+00:00,21836.017578125,21836.017578125,21632.658203125,21797.5078125
2022-07-25 20:00:00+00:00,21855.291015625,22213.478515625,21855.291015625,22171.015625
2022-07-25 21:00:00+00:00,22166.57421875,22166.57421875,22034.212890625,22034.212890625
2022-07-25 22:00:00+00:00,22035.10546875,22035.10546875,21599.814453125,21690.83203125
2022-07-25 23:00:00+00:00,21677.998046875,21721.388671875,21361.642578125,21361.642578125
2022-07-26 00:00:00+00:00,21361.12109375,21361.12109375,21028.49609375,21028.49609375
2022-07-26 01:00:00+00:00,21022.2578125,21109.111328125,21020.3046875,21101.935546875
2022-07-26 02:00:00+00:00,21093.880859375,21119.51171875,21081.53125,21082.515625
2022-07-26 03:00:00+00:00,21087.29296875,21190.025390625,21019.888671875,21155.400390625
2022-07-26 04:00:00+00:00,21155.89453125,21201.14453125,21128.802734375,21148.9765625
2022-07-26 05:00:00+00:00,21151.212890625,21171.70703125,21098.71484375,21148.32421875
2022-07-26 06:00:00+00:00,21152.880859375,21156.8203125,21086.01953125,21088.841796875
2022-07-26 07:00:00+00:00,21090.76171875,21135.224609375,21069.787109375,21096.01171875
2022-07-26 08:00:00+00:00,21090.7421875,21102.513671875,21048.12109375,21096.634765625
2022-07-26 09:00:00+00:00,21087.43359375,21156.59375,21087.43359375,21142.08984375
2022-07-26 10:00:00+00:00,21142.193359375,21149.126953125,21081.94140625,21091.81640625
2022-07-26 11:00:00+00:00,21084.564453125,21125.1796875,21075.009765625,21109.443359375
2022-07-26 12:00:00+00:00,21101.22265625,21169.00390625,21000.302734375,21029.6953125
2022-07-26 13:00:00+00:00,21030.208984375,21035.298828125,20913.392578125,20951.04296875
2022-07-26 14:00:00+00:00,20953.845703125,21006.623046875,20901.767578125,20953.08203125
2022-07-26 15:00:00+00:00,20955.759765625,20955.759765625,20776.81640625,20787.1640625
2022-07-26 16:00:00+00:00,20785.783203125,20910.166015625,20782.31640625,20910.166015625
2022-07-26 17:00:00+00:00,20930.060546875,21040.90234375,20930.060546875,20932.205078125
2022-07-26 18:00:00+00:00,20935.71875,20971.1484375,20857.919921875,20903.8515625
2022-07-26 19:00:00+00:00,20904.39453125,20930.380859375,20850.73828125,20930.380859375
2022-07-26 20:00:00+00:00,20926.92578125,20958.93359375,20896.646484375,20956.34375
2022-07-26 21:00:00+00:00,20971.947265625,21080.1796875,20892.09765625,20941.74609375
2022-07-26 22:00:00+00:00,20953.439453125,21140.203125,20950.134765625,21098.64453125
2022-07-26 23:00:00+00:00,21117.69921875,21222.73828125,21092.513671875,21212.904296875
2022-07-27 00:00:00+00:00,21260.41015625,21262.794921875,21157.95703125,21185.849609375
2022-07-27 01:00:00+00:00,21206.02734375,21220.953125,21169.859375,21179.77734375
2022-07-27 02:00:00+00:00,21179.755859375,21195.759765625,21129.986328125,21195.759765625
2022-07-27 03:00:00+00:00,21193.607421875,21193.607421875,21070.806640625,21075.9453125
2022-07-27 04:00:00+00:00,21081.310546875,21127.21484375,21078.654296875,21124.623046875
2022-07-27 05:00:00+00:00,21122.37890625,21264.697265625,21115.7578125,21264.697265625
2022-07-27 06:00:00+00:00,21261.091796875,21261.091796875,21190.26953125,21217.376953125
2022-07-27 07:00:00+00:00,21247.427734375,21414.771484375,21247.427734375,21336.7421875
2022-07-27 08:00:00+00:00,21345.966796875,21406.25390625,21345.966796875,21367.92578125
2022-07-27 09:00:00+00:00,21363.759765625,21363.759765625,21297.115234375,21297.115234375
2022-07-27 10:00:00+00:00,21299.728515625,21324.66015625,21276.15234375,21287.63671875
2022-07-27 11:00:00+00:00,21289.73828125,21352.595703125,21218.470703125,21218.470703125
2022-07-27 12:00:00+00:00,21219.025390625,21389.701171875,21210.404296875,21389.701171875
2022-07-27 13:00:00+00:00,21380.412109375,21465.65625,21323.845703125,21465.65625
2022-07-27 14:00:00+00:00,21462.8984375,21463.41015625,21422.49609375,21463.41015625
2022-07-27 15:00:00+00:00,21462.861328125,21510.767578125,21444.494140625,21510.767578125
2022-07-27 16:00:00+00:00,21526.767578125,21688.109375,21515.71484375,21551.0859375
2022-07-27 17:00:00+00:00,21539.91015625,21689.712890625,21503.791015625,21649.376953125
2022-07-27 18:00:00+00:00,21646.203125,22586.337890625,21646.203125,22562.0546875
2022-07-27 19:00:00+00:00,22563.17578125,22986.529296875,22563.17578125,22721.431640625
2022-07-27 20:00:00+00:00,22718.94921875,22812.451171875,22714.41796875,22798.91796875
2022-07-27 21:00:00+00:00,22786.021484375,22786.021484375,22643.365234375,22658.662109375
2022-07-27 22:00:00+00:00,22685.728515625,22873.171875,22685.728515625,22873.171875
2022-07-27 23:00:00+00:00,22874.619140625,22929.498046875,22835.1796875,22929.498046875
2022-07-28 00:00:00+00:00,22943.26171875,22957.982421875,22788.4296875,22811.359375
2022-07-28 01:00:00+00:00,22807.513671875,22807.513671875,22745.546875,22771.599609375
2022-07-28 02:00:00+00:00,22778.3671875,23357.896484375,22741.51953125,23295.447265625
2022-07-28 03:00:00+00:00,23295.2578125,23295.2578125,23129.546875,23142.234375
2022-07-28 04:00:00+00:00,23136.669921875,23169.47265625,23103.2890625,23103.2890625
2022-07-28 05:00:00+00:00,23097.634765625,23211.904296875,23061.212890625,23211.904296875
2022-07-28 06:00:00+00:00,23229.734375,23229.734375,23145.126953125,23145.126953125
2022-07-28 07:00:00+00:00,23130.453125,23130.453125,22927.001953125,22927.001953125
2022-07-28 08:00:00+00:00,22927.779296875,22987.57421875,22896.265625,22975.435546875
2022-07-28 09:00:00+00:00,22972.89453125,22988.63671875,22876.189453125,22951.861328125
2022-07-28 10:00:00+00:00,22969.67578125,23048.73828125,22959.427734375,22994.83984375
2022-07-28 11:00:00+00:00,22988.302734375,23113.376953125,22988.302734375,23101.45703125
2022-07-28 12:00:00+00:00,23111.04296875,23123.255859375,22767.14453125,23091.30859375
2022-07-28 13:00:00+00:00,23070.189453125,23204.095703125,22850.572265625,22850.572265625
2022-07-28 14:00:00+00:00,22861.302734375,23092.66015625,22808.56640625,23092.66015625
2022-07-28 15:00:00+00:00,23116.927734375,23858.33984375,23116.927734375,23798.0859375
2022-07-28 16:00:00+00:00,23784.775390625,23889.884765625,23737.626953125,23789.001953125
2022-07-28 17:00:00+00:00,23781.228515625,24032.716796875,23780.0390625,23953.4609375
2022-07-28 18:00:00+00:00,23971.6640625,23977.263671875,23767.279296875,23790.455078125
2022-07-28 19:00:00+00:00,23789.21484375,23846.568359375,23732.279296875,23738.38671875
2022-07-28 20:00:00+00:00,23806.45703125,24098.25390625,23806.45703125,24045.529296875
2022-07-28 21:00:00+00:00,24040.857421875,24107.861328125,23881.130859375,23932.001953125
2022-07-28 22:00:00+00:00,23951.876953125,23964.71875,23870.802734375,23964.71875
2022-07-28 23:00:00+00:00,23963.712890625,23963.712890625,23799.5625,23843.390625
2022-07-29 00:00:00+00:00,23845.212890625,23917.974609375,23732.634765625,23877.6640625
2022-07-29 01:00:00+00:00,23884.373046875,23884.373046875,23773.181640625,23797.822265625
2022-07-29 02:00:00+00:00,23842.76953125,23888.544921875,23776.1328125,23776.1328125
2022-07-29 03:00:00+00:00,23781.513671875,23905.42578125,23775.453125,23894.34765625
2022-07-29 04:00:00+00:00,23902.998046875,23997.201171875,23893.982421875,23997.201171875
2022-07-29 05:00:00+00:00,24001.724609375,24052.779296875,23903.37890625,23996.341796875
2022-07-29 06:00:00+00:00,23990.705078125,24294.787109375,23957.1015625,24051.416015625
2022-07-29 07:00:00+00:00,23987.62890625,23987.62890625,23859.392578125,23929.12109375
2022-07-29 08:00:00+00:00,23931.048828125,23956.86328125,23851.79296875,23938.703125
2022-07-29 09:00:00+00:00,23933.64453125,24051.3203125,23890.337890625,24051.3203125
2022-07-29 10:00:00+00:00,24065.12890625,24083.1875,24004.123046875,24029.1484375
2022-07-29 11:00:00+00:00,24022.779296875,24022.779296875,23642.7421875,23736.16015625
2022-07-29 12:00:00+00:00,23733.6953125,23739.201171875,23507.8359375,23538.84765625
2022-07-29 13:00:00+00:00,23539.4140625,23725.080078125,23484.705078125,23715.58984375
2022-07-29 14:00:00+00:00,23701.9765625,24175.87109375,23701.9765625,24125.03515625
2022-07-29 15:00:00+00:00,24108.037109375,24108.037109375,23912.181640625,23998.728515625
2022-07-29 16:00:00+00:00,24011.984375,24011.984375,23666.2265625,23847.36328125
2022-07-29 17:00:00+00:00,23846.876953125,23846.876953125,23683.484375,23798.01171875
2022-07-29 18:00:00+00:00,23783.638671875,23999.419921875,23783.638671875,23931.181640625
2022-07-29 19:00:00+00:00,23929.892578125,23934.955078125,23827.701171875,23827.701171875
2022-07-29 20:00:00+00:00,23886.125,23950.208984375,23847.564453125,23919.32421875
2022-07-29 21:00:00+00:00,23940.095703125,23962.619140625,23762.427734375,23815.783203125
2022-07-29 22:00:00+00:00,23828.205078125,23937.18359375,23785.6328125,23937.18359375
2022-07-29 23:00:00+00:00,23947.357421875,24102.009765625,23813.79296875,23824.13671875
2022-07-30 00:00:00+00:00,23789.470703125,23921.4453125,23789.470703125,23921.4453125
2022-07-30 01:00:00+00:00,23920.10546875,23934.220703125,23744.599609375,23880.201171875
2022-07-30 02:00:00+00:00,23908.076171875,23908.076171875,23777.3515625,23805.291015625
2022-07-30 03:00:00+00:00,23824.873046875,23835.498046875,23774.94921875,23812.748046875
2022-07-30 04:00:00+00:00,23813.58203125,23815.904296875,23721.435546875,23743.392578125
2022-07-30 05:00:00+00:00,23748.640625,23797.568359375,23734.732421875,23778.666015625
2022-07-30 06:00:00+00:00,23798.314453125,23832.1953125,23775.751953125,23819.134765625
2022-07-30 07:00:00+00:00,23820.904296875,23898.033203125,23820.904296875,23890.361328125
2022-07-30 08:00:00+00:00,23885.166015625,23911.333984375,23859.3984375,23899.451171875
2022-07-30 09:00:00+00:00,23902.166015625,23933.28125,23868.416015625,23899.435546875
2022-07-30 10:00:00+00:00,23901.560546875,23914.13671875,23784.21484375,23835.7109375
2022-07-30 11:00:00+00:00,23820.29296875,23993.853515625,23820.29296875,23974.267578125
2022-07-30 12:00:00+00:00,23965.916015625,24319.837890625,23945.15234375,24319.837890625
2022-07-30 13:00:00+00:00,24345.474609375,24557.9609375,24342.279296875,24493.43359375
2022-07-30 14:00:00+00:00,24488.275390625,24544.232421875,24397.490234375,24397.490234375
2022-07-30 15:00:00+00:00,24372.583984375,24572.580078125,24372.583984375,24562.41015625
2022-07-30 16:00:00+00:00,24537.537109375,24550.84765625,24474.802734375,24550.84765625
2022-07-30 17:00:00+00:00,24553.72265625,24568.1328125,24471.13671875,24506.0703125
2022-07-30 18:00:00+00:00,24502.2421875,24545.3984375,24487.80078125,24530.77734375
2022-07-30 19:00:00+00:00,24517.2578125,24517.2578125,23978.158203125,23978.158203125
2022-07-30 20:00:00+00:00,23959.0703125,24048.390625,23848.75,23970.857421875
2022-07-30 21:00:00+00:00,23973.9140625,23993.951171875,23896.826171875,23899.208984375
2022-07-30 22:00:00+00:00,23871.607421875,23871.607421875,23582.76171875,23712.580078125
2022-07-30 23:00:00+00:00,23714.96484375,23724.740234375,23600.9765625,23657.6171875
2022-07-31 00:00:00+00:00,23656.951171875,23739.203125,23624.447265625,23735.685546875
2022-07-31 01:00:00+00:00,23751.744140625,23773.994140625,23715.068359375,23729.63671875
2022-07-31 02:00:00+00:00,23736.05078125,23845.681640625,23736.05078125,23794.201171875
2022-07-31 03:00:00+00:00,23796.080078125,23805.61328125,23737.810546875,23758.873046875
2022-07-31 04:00:00+00:00,23755.025390625,23819.521484375,23755.025390625,23817.501953125
2022-07-31 05:00:00+00:00,23816.240234375,23826.515625,23730.669921875,23730.669921875
2022-07-31 06:00:00+00:00,23730.19921875,23785.130859375,23729.2734375,23785.130859375
2022-07-31 07:00:00+00:00,23783.265625,23797.87890625,23714.224609375,23727.177734375
2022-07-31 08:00:00+00:00,23729.04296875,23743.916015625,23609.361328125,23620.59765625
2022-07-31 09:00:00+00:00,23612.91796875,23733.763671875,23600.11328125,23731.947265625
2022-07-31 10:00:00+00:00,23739.03125,23796.974609375,23736.0078125,23789.103515625
2022-07-31 11:00:00+00:00,23811.09375,23837.453125,23769.521484375,23791.873046875
2022-07-31 12:00:00+00:00,23822.00390625,23836.90234375,23774.05859375,23823.1328125
2022-07-31 13:00:00+00:00,23824.736328125,23824.736328125,23699.65625,23744.470703125
2022-07-31 14:00:00+00:00,23742.576171875,23811.173828125,23673.798828125,23696.205078125
2022-07-31 15:00:00+00:00,23701.05859375,23769.96484375,23695.560546875,23769.50390625
2022-07-31 16:00:00+00:00,23774.0,23812.99609375,23746.388671875,23767.142578125
2022-07-31 17:00:00+00:00,23776.748046875,23779.576171875,23729.994140625,23743.8828125
2022-07-31 18:00:00+00:00,23741.869140625,24102.9453125,23488.091796875,23742.48046875
2022-07-31 19:00:00+00:00,23757.71484375,23914.619140625,23757.71484375,23863.697265625
2022-07-31 20:00:00+00:00,23845.201171875,23877.69921875,23799.5546875,23814.509765625
2022-07-31 21:00:00+00:00,23808.375,23819.94921875,23602.806640625,23604.80859375
2022-07-31 22:00:00+00:00,23599.7734375,23599.7734375,23275.703125,23331.2890625
2022-07-31 23:00:00+00:00,23347.8125,23431.595703125,23325.490234375,23341.20703125
2022-08-01 00:00:00+00:00,23324.30859375,23392.154296875,23291.583984375,23392.154296875
2022-08-01 01:00:00+00:00,23384.771484375,23434.68359375,23358.509765625,23417.072265625
2022-08-01 02:00:00+00:00,23423.59765625,23455.13671875,23406.279296875,23430.6015625
2022-08-01 03:00:00+00:00,23428.076171875,23431.13671875,23342.224609375,23386.1015625
2022-08-01 04:00:00+00:00,23377.810546875,23412.857421875,23373.1328125,23406.4765625
2022-08-01 05:00:00+00:00,23403.486328125,23415.1796875,23327.421875,23339.69140625
2022-08-01 06:00:00+00:00,23334.828125,23334.828125,23196.669921875,23236.193359375
2022-08-01 07:00:00+00:00,23235.90234375,23320.607421875,23162.001953125,23320.607421875
2022-08-01 08:00:00+00:00,23325.18359375,23346.78515625,23298.353515625,23304.3515625
2022-08-01 09:00:00+00:00,23298.654296875,23364.08203125,23287.298828125,23319.7109375
2022-08-01 10:00:00+00:00,23324.212890625,23324.404296875,23020.435546875,23042.2109375
2022-08-01 11:00:00+00:00,23042.505859375,23249.94140625,22994.611328125,23249.94140625
2022-08-01 12:00:00+00:00,23245.658203125,23245.658203125,23159.40234375,23169.8828125
2022-08-01 13:00:00+00:00,23166.9921875,23269.310546875,23020.056640625,23269.310546875
2022-08-01 14:00:00+00:00,23242.123046875,23458.03515625,23242.123046875,23448.623046875
2022-08-01 15:00:00+00:00,23437.8359375,23441.69921875,23310.583984375,23323.337890625
2022-08-01 16:00:00+00:00,23336.96484375,23340.009765625,23191.8046875,23198.576171875
2022-08-01 17:00:00+00:00,23199.35546875,23199.35546875,22942.8515625,22963.75390625
2022-08-01 18:00:00+00:00,22971.015625,22992.982421875,22890.796875,22953.720703125
2022-08-01 19:00:00+00:00,22962.234375,23012.23046875,22936.39453125,22960.16796875
2022-08-01 20:00:00+00:00,22963.669921875,23057.212890625,22959.248046875,23008.763671875
2022-08-01 21:00:00+00:00,23014.673828125,23090.763671875,23014.6328125,23025.236328125
2022-08-01 22:00:00+00:00,23027.33203125,23161.046875,22962.908203125,23161.046875
2022-08-01 23:00:00+00:00,23165.56640625,23376.587890625,23165.56640625,23318.673828125
2022-08-02 00:00:00+00:00,23267.427734375,23386.25,23185.81640625,23196.16015625
2022-08-02 01:00:00+00:00,23191.54296875,23230.4296875,23002.41796875,23015.5390625
2022-08-02 02:00:00+00:00,23011.884765625,23052.185546875,22883.275390625,22883.275390625
2022-08-02 03:00:00+00:00,22890.5,22912.388671875,22837.22265625,22882.283203125
2022-08-02 04:00:00+00:00,22861.00390625,22893.41015625,22793.990234375,22867.9453125
2022-08-02 05:00:00+00:00,22871.6328125,22906.724609375,22869.900390625,22879.833984375
2022-08-02 06:00:00+00:00,22868.193359375,22927.0390625,22868.193359375,22889.705078125
2022-08-02 07:00:00+00:00,22892.486328125,22908.70703125,22778.6640625,22908.70703125
2022-08-02 08:00:00+00:00,22900.123046875,22900.123046875,22827.091796875,22827.091796875
2022-08-02 09:00:00+00:00,22827.1875,22844.921875,22716.599609375,22737.595703125
2022-08-02 10:00:00+00:00,22737.546875,22860.35546875,22712.75390625,22843.57421875
2022-08-02 11:00:00+00:00,22859.486328125,22959.447265625,22859.486328125,22898.341796875
2022-08-02 12:00:00+00:00,22895.896484375,22912.3515625,22724.154296875,22733.740234375
2022-08-02 13:00:00+00:00,22745.779296875,22851.728515625,22745.779296875,22782.388671875
2022-08-02 14:00:00+00:00,22807.69140625,23086.3203125,22753.369140625,23054.73828125
2022-08-02 15:00:00+00:00,23048.73828125,23065.80859375,22873.771484375,23005.880859375
2022-08-02 16:00:00+00:00,22996.81640625,23372.21484375,22996.81640625,23350.353515625
2022-08-02 17:00:00+00:00,23373.150390625,23406.29296875,23187.11328125,23198.134765625
2022-08-02 18:00:00+00:00,23200.66015625,23267.58984375,23041.89453125,23041.89453125
2022-08-02 19:00:00+00:00,23037.00390625,23057.744140625,22927.49609375,23041.029296875
2022-08-02 20:00:00+00:00,23004.056640625,23046.0078125,22959.767578125,23025.224609375
2022-08-02 21:00:00+00:00,23028.77734375,23123.572265625,22977.783203125,23076.23046875
2022-08-02 22:00:00+00:00,23083.45703125,23129.521484375,23063.541015625,23097.09765625
2022-08-02 23:00:00+00:00,23102.6171875,23115.31640625,22976.037109375,22976.037109375
2022-08-03 00:00:00+00:00,22981.302734375,23042.318359375,22796.689453125,22796.689453125
2022-08-03 01:00:00+00:00,22807.494140625,22842.615234375,22753.373046875,22823.462890625
2022-08-03 02:00:00+00:00,22822.669921875,22853.11328125,22778.0546875,22808.68359375
2022-08-03 03:00:00+00:00,22795.609375,22870.302734375,22795.609375,22839.720703125
2022-08-03 04:00:00+00:00,22848.27734375,22889.447265625,22848.07421875,22850.44921875
2022-08-03 05:00:00+00:00,22846.712890625,22945.865234375,22823.189453125,22944.017578125
2022-08-03 06:00:00+00:00,22944.0390625,23049.392578125,22944.0390625,23049.392578125
2022-08-03 07:00:00+00:00,23046.857421875,23048.9921875,22992.685546875,22997.8203125
2022-08-03 08:00:00+00:00,23004.1796875,23251.828125,23004.1796875,23251.828125
2022-08-03 09:00:00+00:00,23260.646484375,23380.748046875,23260.646484375,23375.970703125
2022-08-03 10:00:00+00:00,23378.140625,23423.154296875,23359.5,23398.697265625
2022-08-03 11:00:00+00:00,23407.994140625,23445.49609375,23347.1484375,23377.431640625
2022-08-03 12:00:00+00:00,23386.587890625,23578.02734375,23304.630859375,23319.939453125
2022-08-03 13:00:00+00:00,23295.89453125,23365.220703125,23282.59375,23347.146484375
2022-08-03 14:00:00+00:00,23338.939453125,23409.169921875,23258.78515625,23313.123046875
2022-08-03 15:00:00+00:00,23311.724609375,23391.52734375,23303.759765625,23391.52734375
2022-08-03 16:00:00+00:00,23367.099609375,23471.84375,23291.142578125,23471.84375
2022-08-03 17:00:00+00:00,23462.705078125,23534.673828125,23429.3828125,23460.486328125
2022-08-03 18:00:00+00:00,23460.923828125,23506.50390625,23404.322265625,23493.98828125
2022-08-03 19:00:00+00:00,23494.658203125,23509.423828125,23445.255859375,23463.77734375
2022-08-03 20:00:00+00:00,23461.689453125,23467.064453125,23289.1953125,23323.5703125
2022-08-03 21:00:00+00:00,23323.658203125,23350.1171875,23283.498046875,23283.498046875
2022-08-03 22:00:00+00:00,23288.255859375,23288.255859375,22957.716796875,22957.716796875
2022-08-03 23:00:00+00:00,22955.376953125,22955.376953125,22790.662109375,22844.6640625
2022-08-04 00:00:00+00:00,22848.21484375,23021.576171875,22838.005859375,23021.576171875
2022-08-04 01:00:00+00:00,23016.869140625,23196.1953125,23016.869140625,23147.2734375
2022-08-04 02:00:00+00:00,23150.876953125,23181.29296875,23122.5625,23141.193359375
2022-08-04 03:00:00+00:00,23143.087890625,23152.111328125,23061.95703125,23082.720703125
2022-08-04 04:00:00+00:00,23099.51171875,23159.48828125,23097.48828125,23107.337890625
2022-08-04 05:00:00+00:00,23108.333984375,23140.15234375,23075.068359375,23128.107421875
2022-08-04 06:00:00+00:00,23131.576171875,23153.349609375,22875.4140625,22923.17578125
2022-08-04 07:00:00+00:00,22920.7578125,23022.158203125,22920.7578125,22964.94921875
2022-08-04 08:00:00+00:00,22964.212890625,22964.212890625,22841.091796875,22841.091796875
2022-08-04 09:00:00+00:00,22829.255859375,22892.353515625,22829.255859375,22882.142578125
2022-08-04 10:00:00+00:00,22883.611328125,22939.44140625,22861.380859375,22868.158203125
2022-08-04 11:00:00+00:00,22877.412109375,22918.267578125,22850.08203125,22910.453125
2022-08-04 12:00:00+00:00,22910.56640625,22947.125,22810.17578125,22907.6484375
2022-08-04 13:00:00+00:00,22902.962890625,23104.3671875,22880.73046875,23074.228515625
2022-08-04 14:00:00+00:00,23059.390625,23103.373046875,22823.5625,22888.494140625
2022-08-04 15:00:00+00:00,22901.37890625,22931.33203125,22826.80078125,22919.609375
2022-08-04 16:00:00+00:00,22927.541015625,22954.42578125,22575.986328125,22575.986328125
2022-08-04 17:00:00+00:00,22590.181640625,22638.9375,22590.181640625,22630.423828125
2022-08-04 18:00:00+00:00,22639.583984375,22662.275390625,22502.861328125,22554.02734375
2022-08-04 19:00:00+00:00,22557.619140625,22612.83984375,22487.90625,22499.123046875
2022-08-04 20:00:00+00:00,22491.984375,22551.5546875,22491.984375,22531.150390625
2022-08-04 21:00:00+00:00,22525.49609375,22553.40625,22519.689453125,22521.06640625
2022-08-04 22:00:00+00:00,22512.830078125,22623.451171875,22495.703125,22623.451171875
2022-08-04 23:00:00+00:00,22624.69921875,22658.9921875,22603.72265625,22629.111328125
2022-08-05 00:00:00+00:00,22626.833984375,22668.96484375,22612.177734375,22658.083984375
2022-08-05 01:00:00+00:00,22654.232421875,22876.1484375,22645.244140625,22876.1484375
2022-08-05 02:00:00+00:00,22899.0,23085.23828125,22888.033203125,23052.32421875
2022-08-05 03:00:00+00:00,23053.212890625,23167.82421875,23052.923828125,23167.82421875
2022-08-05 04:00:00+00:00,23174.01953125,23210.455078125,23134.947265625,23150.64453125
2022-08-05 05:00:00+00:00,23150.216796875,23175.78125,23081.2734375,23175.78125
2022-08-05 06:00:00+00:00,23184.953125,23348.66015625,23184.953125,23258.78515625
2022-08-05 07:00:00+00:00,23260.078125,23272.431640625,23183.8828125,23192.029296875
2022-08-05 08:00:00+00:00,23191.3359375,23238.505859375,23117.0625,23122.291015625
2022-08-05 09:00:00+00:00,23140.359375,23172.263671875,23137.72265625,23151.099609375
2022-08-05 10:00:00+00:00,23147.392578125,23221.169921875,23123.189453125,23182.46484375
2022-08-05 11:00:00+00:00,23195.302734375,23388.564453125,23171.279296875,23373.193359375
2022-08-05 12:00:00+00:00,23378.3046875,23421.923828125,23005.2578125,23016.701171875
2022-08-05 13:00:00+00:00,23034.00390625,23075.607421875,22969.25,23035.041015625
2022-08-05 14:00:00+00:00,23038.751953125,23295.64453125,23038.751953125,23207.4609375
2022-08-05 15:00:00+00:00,23190.3125,23190.3125,23014.416015625,23028.052734375
2022-08-05 16:00:00+00:00,23027.861328125,23049.76171875,22950.015625,23025.591796875
2022-08-05 17:00:00+00:00,23030.310546875,23071.140625,22882.154296875,22882.154296875
2022-08-05 18:00:00+00:00,22870.728515625,22892.568359375,22800.361328125,22800.361328125
2022-08-05 19:00:00+00:00,22808.767578125,22936.82421875,22808.767578125,22936.82421875
2022-08-05 20:00:00+00:00,22929.802734375,22974.806640625,22880.0,22963.751953125
2022-08-05 21:00:00+00:00,22970.6796875,23185.791015625,22970.6796875,23124.9765625
2022-08-05 22:00:00+00:00,23120.86328125,23255.166015625,23120.86328125,23252.234375
2022-08-05 23:00:00+00:00,23250.474609375,23292.28515625,23188.47265625,23292.28515625
2022-08-06 00:00:00+00:00,23291.423828125,23322.517578125,23221.806640625,23264.642578125
2022-08-06 01:00:00+00:00,23262.279296875,23285.001953125,23228.015625,23255.123046875
2022-08-06 02:00:00+00:00,23238.1328125,23267.193359375,23213.369140625,23267.193359375
2022-08-06 03:00:00+00:00,23264.970703125,23264.970703125,23182.8671875,23191.36328125
2022-08-06 04:00:00+00:00,23188.01171875,23207.8359375,23185.748046875,23204.865234375
2022-08-06 05:00:00+00:00,23209.751953125,23224.849609375,23168.423828125,23197.74609375
2022-08-06 06:00:00+00:00,23199.880859375,23204.33984375,23167.91015625,23196.23046875
2022-08-06 07:00:00+00:00,23196.6015625,23217.216796875,23177.65234375,23208.4140625
2022-08-06 08:00:00+00:00,23203.224609375,23244.8125,23164.263671875,23167.50390625
2022-08-06 09:00:00+00:00,23160.4453125,23187.625,23151.294921875,23184.9921875
2022-08-06 10:00:00+00:00,23183.677734375,23205.953125,23182.548828125,23194.9453125
2022-08-06 11:00:00+00:00,23194.857421875,23196.6953125,23168.111328125,23169.294921875
2022-08-06 12:00:00+00:00,23167.10546875,23195.216796875,23167.10546875,23184.67578125
2022-08-06 13:00:00+00:00,23179.0,23225.314453125,23179.0,23200.2421875
2022-08-06 14:00:00+00:00,23199.37890625,23224.771484375,23196.31640625,23224.771484375
2022-08-06 15:00:00+00:00,23227.984375,23227.984375,23190.296875,23207.1953125
2022-08-06 16:00:00+00:00,23206.7734375,23220.505859375,23184.849609375,23184.849609375
2022-08-06 17:00:00+00:00,23161.318359375,23226.591796875,23054.45703125,23164.791015625
2022-08-06 18:00:00+00:00,23157.05078125,23197.615234375,23122.048828125,23182.02734375
2022-08-06 19:00:00+00:00,23183.849609375,23197.6015625,23166.330078125,23195.34375
2022-08-06 20:00:00+00:00,23195.501953125,23195.501953125,23138.5859375,23167.74609375
2022-08-06 21:00:00+00:00,23170.69140625,23199.845703125,23170.69140625,23195.740234375
2022-08-06 22:00:00+00:00,23191.560546875,23200.23828125,23168.001953125,23181.91015625
2022-08-06 23:00:00+00:00,23174.431640625,23174.431640625,22967.240234375,22967.240234375
2022-08-07 00:00:00+00:00,22963.505859375,23041.92578125,22894.556640625,22894.556640625
2022-08-07 01:00:00+00:00,22894.796875,22937.2265625,22894.796875,22921.767578125
2022-08-07 02:00:00+00:00,22923.6015625,22991.818359375,22920.060546875,22991.818359375
2022-08-07 03:00:00+00:00,22994.587890625,23021.953125,22991.279296875,23000.361328125
2022-08-07 04:00:00+00:00,22999.6484375,23019.0,22963.537109375,22968.4375
2022-08-07 05:00:00+00:00,22965.314453125,22999.927734375,22965.314453125,22980.751953125
2022-08-07 06:00:00+00:00,22980.70703125,23019.64453125,22980.70703125,23009.84765625
2022-08-07 07:00:00+00:00,23011.00390625,23031.38671875,23007.703125,23012.7734375
2022-08-07 08:00:00+00:00,23021.54296875,23021.54296875,22945.87890625,22945.87890625
2022-08-07 09:00:00+00:00,22946.76171875,22980.970703125,22934.1640625,22980.970703125
2022-08-07 10:00:00+00:00,22985.166015625,23015.837890625,22976.23828125,23010.453125
2022-08-07 11:00:00+00:00,23009.830078125,23037.501953125,22985.63671875,23037.501953125
2022-08-07 12:00:00+00:00,23044.10546875,23119.486328125,23044.10546875,23119.486328125
2022-08-07 13:00:00+00:00,23121.4609375,23163.365234375,23121.4609375,23157.392578125
2022-08-07 14:00:00+00:00,23164.7734375,23171.619140625,23099.6171875,23129.48828125
2022-08-07 15:00:00+00:00,23129.533203125,23129.533203125,23048.181640625,23048.181640625
2022-08-07 16:00:00+00:00,23041.9140625,23122.271484375,23024.798828125,23107.9765625
2022-08-07 17:00:00+00:00,23104.1015625,23242.462890625,23104.1015625,23238.109375
2022-08-07 18:00:00+00:00,23243.50390625,23267.041015625,23222.5546875,23222.673828125
2022-08-07 19:00:00+00:00,23225.31640625,23225.31640625,23169.21875,23169.21875
2022-08-07 20:00:00+00:00,23167.69921875,23255.55859375,23167.2578125,23255.55859375
2022-08-07 21:00:00+00:00,23265.7265625,23353.51953125,23265.7265625,23304.5
2022-08-07 22:00:00+00:00,23305.615234375,23305.615234375,23238.75390625,23246.046875
2022-08-07 23:00:00+00:00,23246.0703125,23246.0703125,23115.703125,23177.10546875
2022-08-08 00:00:00+00:00,23179.52734375,23315.91796875,23179.52734375,23254.8046875
2022-08-08 01:00:00+00:00,23252.50390625,23261.4765625,23191.837890625,23205.79296875
2022-08-08 02:00:00+00:00,23212.3828125,23310.859375,23212.3828125,23305.841796875
2022-08-08 03:00:00+00:00,23309.623046875,23315.744140625,23279.1328125,23315.744140625
2022-08-08 04:00:00+00:00,23310.787109375,23339.52734375,23303.138671875,23333.27734375
2022-08-08 05:00:00+00:00,23337.662109375,23434.232421875,23337.662109375,23431.03125
2022-08-08 06:00:00+00:00,23432.31640625,23736.26953125,23432.31640625,23736.26953125
2022-08-08 07:00:00+00:00,23730.939453125,23812.205078125,23719.486328125,23807.05859375
2022-08-08 08:00:00+00:00,23806.783203125,24114.3984375,23789.251953125,24114.3984375
2022-08-08 09:00:00+00:00,24123.19921875,24142.966796875,24091.765625,24091.765625
2022-08-08 10:00:00+00:00,24091.171875,24107.599609375,24040.59375,24080.052734375
2022-08-08 11:00:00+00:00,24067.048828125,24150.248046875,24039.91796875,24149.95703125
2022-08-08 12:00:00+00:00,24149.88671875,24203.689453125,24100.525390625,24132.396484375
2022-08-08 13:00:00+00:00,24126.7109375,24180.123046875,24037.935546875,24174.509765625
2022-08-08 14:00:00+00:00,24171.681640625,24188.919921875,24121.212890625,24154.5546875
2022-08-08 15:00:00+00:00,24156.1171875,24186.501953125,23941.078125,23990.216796875
2022-08-08 16:00:00+00:00,23991.466796875,23996.56640625,23877.5234375,23927.099609375
2022-08-08 17:00:00+00:00,23931.8359375,23980.345703125,23922.376953125,23967.80078125
2022-08-08 18:00:00+00:00,23968.349609375,23974.939453125,23911.02734375,23926.0546875
2022-08-08 19:00:00+00:00,23930.42578125,23942.33984375,23846.62109375,23912.9921875
2022-08-08 20:00:00+00:00,23928.5859375,24051.884765625,23926.005859375,24051.884765625
2022-08-08 21:00:00+00:00,24059.955078125,24059.955078125,23823.533203125,23843.1328125
2022-08-08 22:00:00+00:00,23853.396484375,23853.396484375,23756.068359375,23791.681640625
2022-08-08 23:00:00+00:00,23804.8984375,23896.740234375,23785.65234375,23803.837890625
2022-08-09 00:00:00+00:00,23811.484375,23850.962890625,23771.3828125,23820.8671875
2022-08-09 01:00:00+00:00,23804.109375,23821.724609375,23748.0234375,23748.0234375
2022-08-09 02:00:00+00:00,23749.03515625,23804.59765625,23711.5078125,23804.59765625
2022-08-09 03:00:00+00:00,23807.05078125,23843.76953125,23804.986328125,23825.64453125
2022-08-09 04:00:00+00:00,23835.50390625,23883.876953125,23818.265625,23883.876953125
2022-08-09 05:00:00+00:00,23884.89453125,23898.234375,23871.265625,23888.201171875
2022-08-09 06:00:00+00:00,23878.9375,23878.9375,23780.849609375,23830.296875
2022-08-09 07:00:00+00:00,23844.099609375,23889.44921875,23835.03515625,23840.84375
2022-08-09 08:00:00+00:00,23850.982421875,23869.658203125,23804.134765625,23804.134765625
2022-08-09 09:00:00+00:00,23790.4453125,23817.24609375,23583.333984375,23583.333984375
2022-08-09 10:00:00+00:00,23568.328125,23568.328125,23385.0,23402.791015625
2022-08-09 11:00:00+00:00,23377.705078125,23416.087890625,23257.072265625,23289.3203125
2022-08-09 12:00:00+00:00,23295.0390625,23308.419921875,23249.0859375,23261.94140625
2022-08-09 13:00:00+00:00,23257.232421875,23315.494140625,23133.72265625,23133.72265625
2022-08-09 14:00:00+00:00,23111.060546875,23114.36328125,22986.46875,23108.810546875
2022-08-09 15:00:00+00:00,23103.548828125,23147.59765625,23075.181640625,23111.12109375
2022-08-09 16:00:00+00:00,23107.1171875,23118.818359375,23050.21484375,23098.81640625
2022-08-09 17:00:00+00:00,23092.2421875,23133.720703125,23038.837890625,23071.400390625
2022-08-09 18:00:00+00:00,23071.984375,23077.61328125,23035.923828125,23072.6484375
2022-08-09 19:00:00+00:00,23073.201171875,23088.173828125,23044.3984375,23065.1640625
2022-08-09 20:00:00+00:00,23070.353515625,23169.314453125,23070.353515625,23169.314453125
2022-08-09 21:00:00+00:00,23158.916015625,23211.5,23147.201171875,23195.68359375
2022-08-09 22:00:00+00:00,23196.220703125,23250.517578125,23166.583984375,23176.466796875
2022-08-09 23:00:00+00:00,23176.947265625,23226.88671875,23170.4296875,23170.4296875
2022-08-10 00:00:00+00:00,23162.19921875,23162.19921875,22773.7265625,22798.806640625
2022-08-10 01:00:00+00:00,22799.48046875,22944.205078125,22799.48046875,22893.005859375
2022-08-10 02:00:00+00:00,22893.955078125,22919.533203125,22830.71484375,22919.533203125
2022-08-10 03:00:00+00:00,22917.00390625,22931.767578125,22892.44921875,22892.44921875
2022-08-10 04:00:00+00:00,22877.955078125,22978.021484375,22877.955078125,22943.794921875
2022-08-10 05:00:00+00:00,22953.232421875,22973.54296875,22915.39453125,22923.9921875
2022-08-10 06:00:00+00:00,22923.70703125,22947.091796875,22858.171875,22947.091796875
2022-08-10 07:00:00+00:00,22941.916015625,23004.515625,22941.916015625,22973.46875
2022-08-10 08:00:00+00:00,22971.109375,23125.86328125,22971.109375,23125.86328125
2022-08-10 09:00:00+00:00,23125.841796875,23125.841796875,23050.521484375,23071.48828125
2022-08-10 10:00:00+00:00,23086.8984375,23086.8984375,23033.326171875,23068.3359375
2022-08-10 11:00:00+00:00,23069.4609375,23179.71484375,23067.30078125,23118.458984375
2022-08-10 12:00:00+00:00,23126.349609375,23898.990234375,23081.408203125,23896.888671875
2022-08-10 13:00:00+00:00,23930.154296875,24126.75390625,23907.18359375,24036.23828125
2022-08-10 14:00:00+00:00,24034.06640625,24044.4609375,23901.91796875,23999.25390625
2022-08-10 15:00:00+00:00,24000.41796875,24034.630859375,23960.138671875,24026.78125
2022-08-10 16:00:00+00:00,24023.0,24049.046875,23952.126953125,23977.0234375
2022-08-10 17:00:00+00:00,23968.884765625,23968.884765625,23891.3125,23921.646484375
2022-08-10 18:00:00+00:00,23920.759765625,23926.73828125,23584.072265625,23584.072265625
2022-08-10 19:00:00+00:00,23596.32421875,23682.642578125,23590.99609375,23619.36328125
2022-08-10 20:00:00+00:00,23638.248046875,23816.509765625,23638.248046875,23816.509765625
2022-08-10 21:00:00+00:00,23850.26171875,24109.919921875,23808.2890625,23967.580078125
2022-08-10 22:00:00+00:00,23971.46484375,23977.279296875,23857.61328125,23859.189453125
2022-08-10 23:00:00+00:00,23864.185546875,23946.015625,23857.970703125,23946.015625
2022-08-11 00:00:00+00:00,23948.345703125,24058.62109375,23948.345703125,24058.62109375
2022-08-11 01:00:00+00:00,24050.869140625,24434.03515625,24050.869140625,24391.03125
2022-08-11 02:00:00+00:00,24395.99609375,24420.9140625,24251.7578125,24266.736328125
2022-08-11 03:00:00+00:00,24275.853515625,24359.966796875,24251.029296875,24322.095703125
2022-08-11 04:00:00+00:00,24333.388671875,24430.03515625,24310.037109375,24430.03515625
2022-08-11 05:00:00+00:00,24442.4609375,24626.880859375,24442.4609375,24568.83203125
2022-08-11 06:00:00+00:00,24566.69921875,24598.09765625,24512.380859375,24563.384765625
2022-08-11 07:00:00+00:00,24549.5,24657.1953125,24421.849609375,24434.810546875
2022-08-11 08:00:00+00:00,24444.0703125,24527.501953125,24392.748046875,24527.501953125
2022-08-11 09:00:00+00:00,24525.22265625,24525.22265625,24469.537109375,24469.537109375
2022-08-11 10:00:00+00:00,24459.216796875,24501.7109375,24422.7265625,24495.98046875
2022-08-11 11:00:00+00:00,24490.61328125,24626.890625,24483.73046875,24582.96484375
2022-08-11 12:00:00+00:00,24565.630859375,24768.63671875,24565.630859375,24768.63671875
2022-08-11 13:00:00+00:00,24811.087890625,24811.087890625,24600.619140625,24709.9609375
2022-08-11 14:00:00+00:00,24712.55078125,24821.556640625,24502.5625,24574.50390625
2022-08-11 15:00:00+00:00,24573.267578125,24573.267578125,24351.408203125,24374.5859375
2022-08-11 16:00:00+00:00,24366.59765625,24393.923828125,24331.01953125,24348.00390625
2022-08-11 17:00:00+00:00,24347.20703125,24406.19140625,24323.62109375,24349.294921875
2022-08-11 18:00:00+00:00,24351.263671875,24357.04296875,24152.484375,24156.59765625
2022-08-11 19:00:00+00:00,24165.599609375,24200.244140625,24126.69140625,24184.71875
2022-08-11 20:00:00+00:00,24185.255859375,24217.693359375,24086.0625,24212.583984375
2022-08-11 21:00:00+00:00,24211.115234375,24275.158203125,24119.634765625,24203.859375
2022-08-11 22:00:00+00:00,24205.189453125,24205.189453125,23998.748046875,23998.748046875
2022-08-11 23:00:00+00:00,23984.767578125,23984.767578125,23900.99609375,23957.107421875
2022-08-12 00:00:00+00:00,23957.203125,23997.712890625,23828.59375,23994.455078125
2022-08-12 01:00:00+00:00,23994.296875,24002.416015625,23911.57421875,23933.52734375
2022-08-12 02:00:00+00:00,23930.267578125,24055.357421875,23844.49609375,24036.73828125
2022-08-12 03:00:00+00:00,24030.9296875,24040.056640625,23975.67578125,24029.19921875
2022-08-12 04:00:00+00:00,24028.56640625,24045.697265625,23942.6484375,23942.6484375
2022-08-12 05:00:00+00:00,23944.166015625,24010.244140625,23944.166015625,23963.828125
2022-08-12 06:00:00+00:00,23963.76953125,23996.94140625,23923.20703125,23951.04296875
2022-08-12 07:00:00+00:00,23956.287109375,23974.6328125,23927.55859375,23961.677734375
2022-08-12 08:00:00+00:00,23965.1875,23992.953125,23950.09375,23950.21875
2022-08-12 09:00:00+00:00,23946.576171875,24098.75,23934.802734375,24068.59375
2022-08-12 10:00:00+00:00,24056.154296875,24056.154296875,23806.296875,23806.296875
2022-08-12 11:00:00+00:00,23795.498046875,23812.328125,23657.265625,23708.859375
2022-08-12 11:52:00+00:00,23693.044921875,23693.044921875,23693.044921875,23693.044921875
